feature,importance
cost,0.3465642184385555
revenue,0.2578356672349194
clicks,0.14280414622821846
roi,0.09755416432004463
cpc,0.08676562095861534
campaign_enc,0.04761796774321522
banner_enc,0.010886367853127257
placement_enc,0.009971847223304147
user_engagement,0.0
